{
    "data": [
        {
            "id": "1",
            "label": "Best Way Rise CoinAge",
            "img" : "1",
            "text": "Lorem ipsum dolor sit amet, consectetur sing to sed do eiusmod tempor incididunt ut labore dolore magna aliqua dolor.",
            "post_date": "25 january",
            "author": "Admin"
        },
        {
            "id": "2",
            "label": "Best Way Rise CoinAge",
            "img" : "2",
            "text": "Lorem ipsum dolor sit amet, consectetur sing to sed do eiusmod tempor incididunt ut labore dolore magna aliqua dolor.",
            "post_date": "25 january",
            "author": "Admin"
        },
        {
            "id": "3",
            "label": "Best Way Rise CoinAge",
            "img" : "3",
            "text": "Lorem ipsum dolor sit amet, consectetur sing to sed do eiusmod tempor incididunt ut labore dolore magna aliqua dolor.",
            "post_date": "25 january",
            "author": "Admin"
        }
    ]
  }
  