{
  "data": [
    {
      "label": "ETH/BTC",
      "img" : "1",
      "average": "0.45%",
      "rate": "2.009054 ETH",
      "flag": true
    },
    {
      "label": "USD/BTC",
      "img" : "2",
      "average": "-0.07%",
      "rate": "0.009054 ETH",
      "flag": false
    },
    {
      "label": "XMR/BTC",
      "img" : "3",
      "average": "0.90%",
      "rate": "3.009054 ETH",
      "flag": true
    },
    {
      "label": "ETH/BTC",
      "img" : "4",
      "average": "-0.55%",
      "rate": "1.009054 ETH",
      "flag": false
    },
    {
      "label": "LTH/BTC",
      "img" : "2",
      "average": "1.45%",
      "rate": "4.009054 ETH",
      "flag": true
    },
    {
      "label": "XMR/BTC",
      "img" : "3",
      "average": "0.01%",
      "rate": "-2.009054 ETH",
      "flag": false
    }
  ]
}
