{
    "data": [
      {
        "label": "Q1 2015",
        "text": "Lorem ipsum dolor sit in to amet consectetur.",
        "color": "red",
        "img": 11,
        "isBottom": true
      },
      {
        "label": "Q1 2016",
        "text": "Lorem ipsum dolor sit in to amet consectetur.",
        "color": "gray",
        "img": 14,
        "isBottom": false
      },
      {
        "label": "Q1 2017",
        "text": "Lorem ipsum dolor sit in to amet consectetur.",
        "color": "black",
        "img": 12,
        "isBottom": true
      },
      {
        "label": "Q1 2018",
        "text": "Lorem ipsum dolor sit in to amet consectetur.",
        "color": "red",
        "img": 13,
        "isBottom": false
      },
      {
        "label": "Q1 2019",
        "text": "Lorem ipsum dolor sit in to amet consectetur.",
        "color": "gray",
        "img": 15,
        "isBottom": true
      },
      {
        "label": "Q1 2020",
        "text": "Lorem ipsum dolor sit in to amet consectetur.",
        "color": "yellow",
        "img": 16,
        "isBottom": false
      }
    ]
  }
  